dataset,modelo,scheme,seed,fold_MAE_std,fold_MAE_min,fold_MAE_max,fold_MAE_rango,pooled_MAE,procedencia
B,RandomForest,random_shuffle,0,0.06872383927168207,4.222067,4.421135,0.19906799999999958,4.328377167048382,"agg_tabla2.py + celda de dispersion entre folds | sklearn 1.7.2, xgboost 3.0.5 | fold_MAE = MAE por fold de la CV out-of-fold; fold_std = np.std(ddof=0) de los 5 folds de una corrida; promediado sobre las 5 semillas; modelo = make_models(s) del repo; grupos = familia quimica via pandas.factorize"
B,RandomForest,random_shuffle,1,0.09763610428934574,4.174155,4.433405,0.25924999999999976,4.3079519927111445,"agg_tabla2.py + celda de dispersion entre folds | sklearn 1.7.2, xgboost 3.0.5 | fold_MAE = MAE por fold de la CV out-of-fold; fold_std = np.std(ddof=0) de los 5 folds de una corrida; promediado sobre las 5 semillas; modelo = make_models(s) del repo; grupos = familia quimica via pandas.factorize"
B,RandomForest,random_shuffle,2,0.10634573534843783,4.153374,4.465222,0.31184799999999946,4.305686376537128,"agg_tabla2.py + celda de dispersion entre folds | sklearn 1.7.2, xgboost 3.0.5 | fold_MAE = MAE por fold de la CV out-of-fold; fold_std = np.std(ddof=0) de los 5 folds de una corrida; promediado sobre las 5 semillas; modelo = make_models(s) del repo; grupos = familia quimica via pandas.factorize"
B,RandomForest,random_shuffle,3,0.13539412123870084,4.093386,4.490971,0.3975850000000003,4.305892785587675,"agg_tabla2.py + celda de dispersion entre folds | sklearn 1.7.2, xgboost 3.0.5 | fold_MAE = MAE por fold de la CV out-of-fold; fold_std = np.std(ddof=0) de los 5 folds de una corrida; promediado sobre las 5 semillas; modelo = make_models(s) del repo; grupos = familia quimica via pandas.factorize"
B,RandomForest,random_shuffle,4,0.12304453656233587,4.154533,4.457774,0.30324099999999987,4.334809761689598,"agg_tabla2.py + celda de dispersion entre folds | sklearn 1.7.2, xgboost 3.0.5 | fold_MAE = MAE por fold de la CV out-of-fold; fold_std = np.std(ddof=0) de los 5 folds de una corrida; promediado sobre las 5 semillas; modelo = make_models(s) del repo; grupos = familia quimica via pandas.factorize"
B,RandomForest,grouped_shuffle,0,0.8116128531616535,5.383167,7.86506,2.4818929999999995,6.582065928599402,"agg_tabla2.py + celda de dispersion entre folds | sklearn 1.7.2, xgboost 3.0.5 | fold_MAE = MAE por fold de la CV out-of-fold; fold_std = np.std(ddof=0) de los 5 folds de una corrida; promediado sobre las 5 semillas; modelo = make_models(s) del repo; grupos = familia quimica via pandas.factorize"
B,RandomForest,grouped_shuffle,1,0.5547550453465385,5.915989,7.268769,1.35278,6.610292611679701,"agg_tabla2.py + celda de dispersion entre folds | sklearn 1.7.2, xgboost 3.0.5 | fold_MAE = MAE por fold de la CV out-of-fold; fold_std = np.std(ddof=0) de los 5 folds de una corrida; promediado sobre las 5 semillas; modelo = make_models(s) del repo; grupos = familia quimica via pandas.factorize"
B,RandomForest,grouped_shuffle,2,0.4448658394138171,5.866288,7.142706,1.2764180000000005,6.552994154854852,"agg_tabla2.py + celda de dispersion entre folds | sklearn 1.7.2, xgboost 3.0.5 | fold_MAE = MAE por fold de la CV out-of-fold; fold_std = np.std(ddof=0) de los 5 folds de una corrida; promediado sobre las 5 semillas; modelo = make_models(s) del repo; grupos = familia quimica via pandas.factorize"
B,RandomForest,grouped_shuffle,3,0.7755536418688265,5.750761,7.939483,2.1887220000000003,6.578894233770657,"agg_tabla2.py + celda de dispersion entre folds | sklearn 1.7.2, xgboost 3.0.5 | fold_MAE = MAE por fold de la CV out-of-fold; fold_std = np.std(ddof=0) de los 5 folds de una corrida; promediado sobre las 5 semillas; modelo = make_models(s) del repo; grupos = familia quimica via pandas.factorize"
B,RandomForest,grouped_shuffle,4,0.4289911966404905,5.9572,7.029111,1.071911,6.586265033058414,"agg_tabla2.py + celda de dispersion entre folds | sklearn 1.7.2, xgboost 3.0.5 | fold_MAE = MAE por fold de la CV out-of-fold; fold_std = np.std(ddof=0) de los 5 folds de una corrida; promediado sobre las 5 semillas; modelo = make_models(s) del repo; grupos = familia quimica via pandas.factorize"
B,RandomForest,grouped_noshuffle,0,0.4561507566643293,5.604709,6.886491,1.2817820000000006,6.473069380342321,"agg_tabla2.py + celda de dispersion entre folds | sklearn 1.7.2, xgboost 3.0.5 | fold_MAE = MAE por fold de la CV out-of-fold; fold_std = np.std(ddof=0) de los 5 folds de una corrida; promediado sobre las 5 semillas; modelo = make_models(s) del repo; grupos = familia quimica via pandas.factorize"
B,RandomForest,grouped_noshuffle,1,0.4354916790652148,5.644874,6.856754,1.2118799999999998,6.450410667926607,"agg_tabla2.py + celda de dispersion entre folds | sklearn 1.7.2, xgboost 3.0.5 | fold_MAE = MAE por fold de la CV out-of-fold; fold_std = np.std(ddof=0) de los 5 folds de una corrida; promediado sobre las 5 semillas; modelo = make_models(s) del repo; grupos = familia quimica via pandas.factorize"
B,RandomForest,grouped_noshuffle,2,0.4445744550522894,5.633248,6.865496,1.2322480000000002,6.470136579698836,"agg_tabla2.py + celda de dispersion entre folds | sklearn 1.7.2, xgboost 3.0.5 | fold_MAE = MAE por fold de la CV out-of-fold; fold_std = np.std(ddof=0) de los 5 folds de una corrida; promediado sobre las 5 semillas; modelo = make_models(s) del repo; grupos = familia quimica via pandas.factorize"
B,RandomForest,grouped_noshuffle,3,0.4515021218654903,5.632573,6.855303,1.2227300000000003,6.4905575851450905,"agg_tabla2.py + celda de dispersion entre folds | sklearn 1.7.2, xgboost 3.0.5 | fold_MAE = MAE por fold de la CV out-of-fold; fold_std = np.std(ddof=0) de los 5 folds de una corrida; promediado sobre las 5 semillas; modelo = make_models(s) del repo; grupos = familia quimica via pandas.factorize"
B,RandomForest,grouped_noshuffle,4,0.4481522474366944,5.632057,6.893676,1.2616190000000005,6.459417011750189,"agg_tabla2.py + celda de dispersion entre folds | sklearn 1.7.2, xgboost 3.0.5 | fold_MAE = MAE por fold de la CV out-of-fold; fold_std = np.std(ddof=0) de los 5 folds de una corrida; promediado sobre las 5 semillas; modelo = make_models(s) del repo; grupos = familia quimica via pandas.factorize"
A,RandomForest,random_shuffle,0,0.06302436204960753,5.324485,5.481101,0.15661599999999964,5.4014366178179865,"agg_tabla2.py + celda de dispersion entre folds | sklearn 1.7.2, xgboost 3.0.5 | fold_MAE = MAE por fold de la CV out-of-fold; fold_std = np.std(ddof=0) de los 5 folds de una corrida; promediado sobre las 5 semillas; modelo = make_models(s) del repo; grupos = familia quimica via pandas.factorize"
A,RandomForest,random_shuffle,1,0.06513021872218759,5.283729,5.453939,0.17020999999999997,5.412838575458317,"agg_tabla2.py + celda de dispersion entre folds | sklearn 1.7.2, xgboost 3.0.5 | fold_MAE = MAE por fold de la CV out-of-fold; fold_std = np.std(ddof=0) de los 5 folds de una corrida; promediado sobre las 5 semillas; modelo = make_models(s) del repo; grupos = familia quimica via pandas.factorize"
A,RandomForest,random_shuffle,2,0.09168881128382021,5.322659,5.569284,0.24662499999999987,5.400844959389678,"agg_tabla2.py + celda de dispersion entre folds | sklearn 1.7.2, xgboost 3.0.5 | fold_MAE = MAE por fold de la CV out-of-fold; fold_std = np.std(ddof=0) de los 5 folds de una corrida; promediado sobre las 5 semillas; modelo = make_models(s) del repo; grupos = familia quimica via pandas.factorize"
A,RandomForest,random_shuffle,3,0.09180731115635632,5.313862,5.563792,0.24992999999999999,5.3914209386725105,"agg_tabla2.py + celda de dispersion entre folds | sklearn 1.7.2, xgboost 3.0.5 | fold_MAE = MAE por fold de la CV out-of-fold; fold_std = np.std(ddof=0) de los 5 folds de una corrida; promediado sobre las 5 semillas; modelo = make_models(s) del repo; grupos = familia quimica via pandas.factorize"
A,RandomForest,random_shuffle,4,0.1939276396199366,5.168214,5.764614,0.5964,5.42502893937633,"agg_tabla2.py + celda de dispersion entre folds | sklearn 1.7.2, xgboost 3.0.5 | fold_MAE = MAE por fold de la CV out-of-fold; fold_std = np.std(ddof=0) de los 5 folds de una corrida; promediado sobre las 5 semillas; modelo = make_models(s) del repo; grupos = familia quimica via pandas.factorize"
A,RandomForest,grouped_shuffle,0,0.6786029289234168,7.646225,9.530375,1.884149999999999,8.72266703369791,"agg_tabla2.py + celda de dispersion entre folds | sklearn 1.7.2, xgboost 3.0.5 | fold_MAE = MAE por fold de la CV out-of-fold; fold_std = np.std(ddof=0) de los 5 folds de una corrida; promediado sobre las 5 semillas; modelo = make_models(s) del repo; grupos = familia quimica via pandas.factorize"
A,RandomForest,grouped_shuffle,1,0.797866043250018,7.678671,9.97309,2.2944189999999995,8.538546728448456,"agg_tabla2.py + celda de dispersion entre folds | sklearn 1.7.2, xgboost 3.0.5 | fold_MAE = MAE por fold de la CV out-of-fold; fold_std = np.std(ddof=0) de los 5 folds de una corrida; promediado sobre las 5 semillas; modelo = make_models(s) del repo; grupos = familia quimica via pandas.factorize"
A,RandomForest,grouped_shuffle,2,0.7567468390754205,7.392726,9.442781,2.0500550000000004,8.583320346161884,"agg_tabla2.py + celda de dispersion entre folds | sklearn 1.7.2, xgboost 3.0.5 | fold_MAE = MAE por fold de la CV out-of-fold; fold_std = np.std(ddof=0) de los 5 folds de una corrida; promediado sobre las 5 semillas; modelo = make_models(s) del repo; grupos = familia quimica via pandas.factorize"
A,RandomForest,grouped_shuffle,3,0.8461243831611518,7.564751,9.843993,2.279241999999999,8.675409512491346,"agg_tabla2.py + celda de dispersion entre folds | sklearn 1.7.2, xgboost 3.0.5 | fold_MAE = MAE por fold de la CV out-of-fold; fold_std = np.std(ddof=0) de los 5 folds de una corrida; promediado sobre las 5 semillas; modelo = make_models(s) del repo; grupos = familia quimica via pandas.factorize"
A,RandomForest,grouped_shuffle,4,1.3028050775618891,6.859096,10.551819,3.692723,8.602069629518066,"agg_tabla2.py + celda de dispersion entre folds | sklearn 1.7.2, xgboost 3.0.5 | fold_MAE = MAE por fold de la CV out-of-fold; fold_std = np.std(ddof=0) de los 5 folds de una corrida; promediado sobre las 5 semillas; modelo = make_models(s) del repo; grupos = familia quimica via pandas.factorize"
A,RandomForest,grouped_noshuffle,0,0.5694086992853554,7.680374,9.450459,1.7700850000000008,8.69204271850634,"agg_tabla2.py + celda de dispersion entre folds | sklearn 1.7.2, xgboost 3.0.5 | fold_MAE = MAE por fold de la CV out-of-fold; fold_std = np.std(ddof=0) de los 5 folds de una corrida; promediado sobre las 5 semillas; modelo = make_models(s) del repo; grupos = familia quimica via pandas.factorize"
A,RandomForest,grouped_noshuffle,1,0.55417688541057,7.695544,9.398794,1.7032500000000006,8.701686260525431,"agg_tabla2.py + celda de dispersion entre folds | sklearn 1.7.2, xgboost 3.0.5 | fold_MAE = MAE por fold de la CV out-of-fold; fold_std = np.std(ddof=0) de los 5 folds de una corrida; promediado sobre las 5 semillas; modelo = make_models(s) del repo; grupos = familia quimica via pandas.factorize"
A,RandomForest,grouped_noshuffle,2,0.5784860738950941,7.684899,9.489575,1.8046760000000006,8.700988358578298,"agg_tabla2.py + celda de dispersion entre folds | sklearn 1.7.2, xgboost 3.0.5 | fold_MAE = MAE por fold de la CV out-of-fold; fold_std = np.std(ddof=0) de los 5 folds de una corrida; promediado sobre las 5 semillas; modelo = make_models(s) del repo; grupos = familia quimica via pandas.factorize"
A,RandomForest,grouped_noshuffle,3,0.5492346705300387,7.766865,9.493249,1.7263840000000004,8.688217122040525,"agg_tabla2.py + celda de dispersion entre folds | sklearn 1.7.2, xgboost 3.0.5 | fold_MAE = MAE por fold de la CV out-of-fold; fold_std = np.std(ddof=0) de los 5 folds de una corrida; promediado sobre las 5 semillas; modelo = make_models(s) del repo; grupos = familia quimica via pandas.factorize"
A,RandomForest,grouped_noshuffle,4,0.5783858209338816,7.679529,9.481648,1.8021190000000002,8.657225431450893,"agg_tabla2.py + celda de dispersion entre folds | sklearn 1.7.2, xgboost 3.0.5 | fold_MAE = MAE por fold de la CV out-of-fold; fold_std = np.std(ddof=0) de los 5 folds de una corrida; promediado sobre las 5 semillas; modelo = make_models(s) del repo; grupos = familia quimica via pandas.factorize"
A,XGBoost,random_shuffle,0,0.06612082957858312,5.150687,5.353589,0.2029020000000008,5.244508684687907,"agg_tabla2.py + celda de dispersion entre folds | sklearn 1.7.2, xgboost 3.0.5 | fold_MAE = MAE por fold de la CV out-of-fold; fold_std = np.std(ddof=0) de los 5 folds de una corrida; promediado sobre las 5 semillas; modelo = make_models(s) del repo; grupos = familia quimica via pandas.factorize"
A,XGBoost,random_shuffle,1,0.06189739916539313,5.144792,5.31951,0.17471800000000037,5.259698365540374,"agg_tabla2.py + celda de dispersion entre folds | sklearn 1.7.2, xgboost 3.0.5 | fold_MAE = MAE por fold de la CV out-of-fold; fold_std = np.std(ddof=0) de los 5 folds de una corrida; promediado sobre las 5 semillas; modelo = make_models(s) del repo; grupos = familia quimica via pandas.factorize"
A,XGBoost,random_shuffle,2,0.13134507701379597,5.180544,5.5179,0.33735599999999977,5.256582485566527,"agg_tabla2.py + celda de dispersion entre folds | sklearn 1.7.2, xgboost 3.0.5 | fold_MAE = MAE por fold de la CV out-of-fold; fold_std = np.std(ddof=0) de los 5 folds de una corrida; promediado sobre las 5 semillas; modelo = make_models(s) del repo; grupos = familia quimica via pandas.factorize"
A,XGBoost,random_shuffle,3,0.11283928745503502,5.11538,5.443805,0.3284250000000002,5.242753418391815,"agg_tabla2.py + celda de dispersion entre folds | sklearn 1.7.2, xgboost 3.0.5 | fold_MAE = MAE por fold de la CV out-of-fold; fold_std = np.std(ddof=0) de los 5 folds de una corrida; promediado sobre las 5 semillas; modelo = make_models(s) del repo; grupos = familia quimica via pandas.factorize"
A,XGBoost,random_shuffle,4,0.17419902602069856,5.06026,5.581463,0.5212029999999999,5.266219138361794,"agg_tabla2.py + celda de dispersion entre folds | sklearn 1.7.2, xgboost 3.0.5 | fold_MAE = MAE por fold de la CV out-of-fold; fold_std = np.std(ddof=0) de los 5 folds de una corrida; promediado sobre las 5 semillas; modelo = make_models(s) del repo; grupos = familia quimica via pandas.factorize"
A,XGBoost,grouped_shuffle,0,0.723664839698434,6.97123,9.069651,2.098421,8.243445895573993,"agg_tabla2.py + celda de dispersion entre folds | sklearn 1.7.2, xgboost 3.0.5 | fold_MAE = MAE por fold de la CV out-of-fold; fold_std = np.std(ddof=0) de los 5 folds de una corrida; promediado sobre las 5 semillas; modelo = make_models(s) del repo; grupos = familia quimica via pandas.factorize"
A,XGBoost,grouped_shuffle,1,0.5684753283274128,7.340966,9.067184,1.7262179999999994,8.119162370011303,"agg_tabla2.py + celda de dispersion entre folds | sklearn 1.7.2, xgboost 3.0.5 | fold_MAE = MAE por fold de la CV out-of-fold; fold_std = np.std(ddof=0) de los 5 folds de una corrida; promediado sobre las 5 semillas; modelo = make_models(s) del repo; grupos = familia quimica via pandas.factorize"
A,XGBoost,grouped_shuffle,2,0.5373076906364174,7.535127,8.80209,1.2669629999999996,8.261918564553447,"agg_tabla2.py + celda de dispersion entre folds | sklearn 1.7.2, xgboost 3.0.5 | fold_MAE = MAE por fold de la CV out-of-fold; fold_std = np.std(ddof=0) de los 5 folds de una corrida; promediado sobre las 5 semillas; modelo = make_models(s) del repo; grupos = familia quimica via pandas.factorize"
A,XGBoost,grouped_shuffle,3,0.6691077588005091,7.544442,9.2658,1.7213580000000004,8.352498339656334,"agg_tabla2.py + celda de dispersion entre folds | sklearn 1.7.2, xgboost 3.0.5 | fold_MAE = MAE por fold de la CV out-of-fold; fold_std = np.std(ddof=0) de los 5 folds de una corrida; promediado sobre las 5 semillas; modelo = make_models(s) del repo; grupos = familia quimica via pandas.factorize"
A,XGBoost,grouped_shuffle,4,1.151821625739437,6.645773,10.112727,3.4669539999999994,8.230979292472457,"agg_tabla2.py + celda de dispersion entre folds | sklearn 1.7.2, xgboost 3.0.5 | fold_MAE = MAE por fold de la CV out-of-fold; fold_std = np.std(ddof=0) de los 5 folds de una corrida; promediado sobre las 5 semillas; modelo = make_models(s) del repo; grupos = familia quimica via pandas.factorize"
A,XGBoost,grouped_noshuffle,0,0.49870673138725513,7.433091,8.735318,1.3022269999999994,8.421639638946909,"agg_tabla2.py + celda de dispersion entre folds | sklearn 1.7.2, xgboost 3.0.5 | fold_MAE = MAE por fold de la CV out-of-fold; fold_std = np.std(ddof=0) de los 5 folds de una corrida; promediado sobre las 5 semillas; modelo = make_models(s) del repo; grupos = familia quimica via pandas.factorize"
A,XGBoost,grouped_noshuffle,1,0.6164435989277203,7.508401,9.31312,1.8047189999999995,8.572041244095002,"agg_tabla2.py + celda de dispersion entre folds | sklearn 1.7.2, xgboost 3.0.5 | fold_MAE = MAE por fold de la CV out-of-fold; fold_std = np.std(ddof=0) de los 5 folds de una corrida; promediado sobre las 5 semillas; modelo = make_models(s) del repo; grupos = familia quimica via pandas.factorize"
A,XGBoost,grouped_noshuffle,2,0.5069297390742036,7.491745,9.03449,1.542745,8.360200286058925,"agg_tabla2.py + celda de dispersion entre folds | sklearn 1.7.2, xgboost 3.0.5 | fold_MAE = MAE por fold de la CV out-of-fold; fold_std = np.std(ddof=0) de los 5 folds de una corrida; promediado sobre las 5 semillas; modelo = make_models(s) del repo; grupos = familia quimica via pandas.factorize"
A,XGBoost,grouped_noshuffle,3,0.4625671364563633,7.478227,8.69615,1.217922999999999,8.394339124690092,"agg_tabla2.py + celda de dispersion entre folds | sklearn 1.7.2, xgboost 3.0.5 | fold_MAE = MAE por fold de la CV out-of-fold; fold_std = np.std(ddof=0) de los 5 folds de una corrida; promediado sobre las 5 semillas; modelo = make_models(s) del repo; grupos = familia quimica via pandas.factorize"
A,XGBoost,grouped_noshuffle,4,0.47760873272058185,7.492315,8.840824,1.348509,8.425310334605774,"agg_tabla2.py + celda de dispersion entre folds | sklearn 1.7.2, xgboost 3.0.5 | fold_MAE = MAE por fold de la CV out-of-fold; fold_std = np.std(ddof=0) de los 5 folds de una corrida; promediado sobre las 5 semillas; modelo = make_models(s) del repo; grupos = familia quimica via pandas.factorize"
B,XGBoost,random_shuffle,0,0.13519013333464844,3.676119,4.093256,0.4171370000000003,3.855468567686418,"agg_tabla2.py + celda de dispersion entre folds | sklearn 1.7.2, xgboost 3.0.5 | fold_MAE = MAE por fold de la CV out-of-fold; fold_std = np.std(ddof=0) de los 5 folds de una corrida; promediado sobre las 5 semillas; modelo = make_models(s) del repo; grupos = familia quimica via pandas.factorize"
B,XGBoost,random_shuffle,1,0.0878377687913348,3.763574,3.983168,0.21959399999999984,3.8791135659101528,"agg_tabla2.py + celda de dispersion entre folds | sklearn 1.7.2, xgboost 3.0.5 | fold_MAE = MAE por fold de la CV out-of-fold; fold_std = np.std(ddof=0) de los 5 folds de una corrida; promediado sobre las 5 semillas; modelo = make_models(s) del repo; grupos = familia quimica via pandas.factorize"
B,XGBoost,random_shuffle,2,0.07565142166013815,3.76341,3.953978,0.1905680000000003,3.8595129624865705,"agg_tabla2.py + celda de dispersion entre folds | sklearn 1.7.2, xgboost 3.0.5 | fold_MAE = MAE por fold de la CV out-of-fold; fold_std = np.std(ddof=0) de los 5 folds de una corrida; promediado sobre las 5 semillas; modelo = make_models(s) del repo; grupos = familia quimica via pandas.factorize"
B,XGBoost,random_shuffle,3,0.14125526955494425,3.692015,4.065504,0.37348899999999974,3.903308735061792,"agg_tabla2.py + celda de dispersion entre folds | sklearn 1.7.2, xgboost 3.0.5 | fold_MAE = MAE por fold de la CV out-of-fold; fold_std = np.std(ddof=0) de los 5 folds de una corrida; promediado sobre las 5 semillas; modelo = make_models(s) del repo; grupos = familia quimica via pandas.factorize"
B,XGBoost,random_shuffle,4,0.10720567380320876,3.703072,3.98762,0.284548,3.8715929844666177,"agg_tabla2.py + celda de dispersion entre folds | sklearn 1.7.2, xgboost 3.0.5 | fold_MAE = MAE por fold de la CV out-of-fold; fold_std = np.std(ddof=0) de los 5 folds de una corrida; promediado sobre las 5 semillas; modelo = make_models(s) del repo; grupos = familia quimica via pandas.factorize"
B,XGBoost,grouped_shuffle,0,0.8318488219546628,4.896043,7.350482,2.4544390000000007,6.179270472335942,"agg_tabla2.py + celda de dispersion entre folds | sklearn 1.7.2, xgboost 3.0.5 | fold_MAE = MAE por fold de la CV out-of-fold; fold_std = np.std(ddof=0) de los 5 folds de una corrida; promediado sobre las 5 semillas; modelo = make_models(s) del repo; grupos = familia quimica via pandas.factorize"
B,XGBoost,grouped_shuffle,1,0.6191932509181928,5.55072,7.193129,1.6424089999999998,6.255295242174609,"agg_tabla2.py + celda de dispersion entre folds | sklearn 1.7.2, xgboost 3.0.5 | fold_MAE = MAE por fold de la CV out-of-fold; fold_std = np.std(ddof=0) de los 5 folds de una corrida; promediado sobre las 5 semillas; modelo = make_models(s) del repo; grupos = familia quimica via pandas.factorize"
B,XGBoost,grouped_shuffle,2,0.34371499680438744,5.682765,6.681971,0.999206,6.205214675797942,"agg_tabla2.py + celda de dispersion entre folds | sklearn 1.7.2, xgboost 3.0.5 | fold_MAE = MAE por fold de la CV out-of-fold; fold_std = np.std(ddof=0) de los 5 folds de una corrida; promediado sobre las 5 semillas; modelo = make_models(s) del repo; grupos = familia quimica via pandas.factorize"
B,XGBoost,grouped_shuffle,3,0.7681545650436766,5.539764,7.617699,2.077935,6.30430441878201,"agg_tabla2.py + celda de dispersion entre folds | sklearn 1.7.2, xgboost 3.0.5 | fold_MAE = MAE por fold de la CV out-of-fold; fold_std = np.std(ddof=0) de los 5 folds de una corrida; promediado sobre las 5 semillas; modelo = make_models(s) del repo; grupos = familia quimica via pandas.factorize"
B,XGBoost,grouped_shuffle,4,0.3657958075393431,5.728183,6.648764,0.9205810000000003,6.204532908479406,"agg_tabla2.py + celda de dispersion entre folds | sklearn 1.7.2, xgboost 3.0.5 | fold_MAE = MAE por fold de la CV out-of-fold; fold_std = np.std(ddof=0) de los 5 folds de una corrida; promediado sobre las 5 semillas; modelo = make_models(s) del repo; grupos = familia quimica via pandas.factorize"
B,XGBoost,grouped_noshuffle,0,0.3547315418132422,5.53704,6.595799,1.0587590000000002,6.176881991351193,"agg_tabla2.py + celda de dispersion entre folds | sklearn 1.7.2, xgboost 3.0.5 | fold_MAE = MAE por fold de la CV out-of-fold; fold_std = np.std(ddof=0) de los 5 folds de una corrida; promediado sobre las 5 semillas; modelo = make_models(s) del repo; grupos = familia quimica via pandas.factorize"
B,XGBoost,grouped_noshuffle,1,0.3320621359689176,5.507569,6.42476,0.9171909999999999,6.144824535858435,"agg_tabla2.py + celda de dispersion entre folds | sklearn 1.7.2, xgboost 3.0.5 | fold_MAE = MAE por fold de la CV out-of-fold; fold_std = np.std(ddof=0) de los 5 folds de una corrida; promediado sobre las 5 semillas; modelo = make_models(s) del repo; grupos = familia quimica via pandas.factorize"
B,XGBoost,grouped_noshuffle,2,0.3290561690040165,5.569446,6.504788,0.9353419999999995,6.185695852816067,"agg_tabla2.py + celda de dispersion entre folds | sklearn 1.7.2, xgboost 3.0.5 | fold_MAE = MAE por fold de la CV out-of-fold; fold_std = np.std(ddof=0) de los 5 folds de una corrida; promediado sobre las 5 semillas; modelo = make_models(s) del repo; grupos = familia quimica via pandas.factorize"
B,XGBoost,grouped_noshuffle,3,0.35737427986893533,5.552726,6.560182,1.0074560000000004,6.234278517213398,"agg_tabla2.py + celda de dispersion entre folds | sklearn 1.7.2, xgboost 3.0.5 | fold_MAE = MAE por fold de la CV out-of-fold; fold_std = np.std(ddof=0) de los 5 folds de una corrida; promediado sobre las 5 semillas; modelo = make_models(s) del repo; grupos = familia quimica via pandas.factorize"
B,XGBoost,grouped_noshuffle,4,0.3456629750242855,5.536279,6.518394,0.9821149999999994,6.184553790596234,"agg_tabla2.py + celda de dispersion entre folds | sklearn 1.7.2, xgboost 3.0.5 | fold_MAE = MAE por fold de la CV out-of-fold; fold_std = np.std(ddof=0) de los 5 folds de una corrida; promediado sobre las 5 semillas; modelo = make_models(s) del repo; grupos = familia quimica via pandas.factorize"
