dataset,regime,method,seed,coverage,cov_lo,cov_hi,coverage_hiTc,cov_hiTc_lo,cov_hiTc_hi,width_mean,width_hiTc,n_test,n_hiTc,n_families,mae
B,iid,split,0,0.9086,0.8939,0.9225,0.75,0.6932,0.7972,24.11,24.11,3732,376,1706,4.267
B,iid,oracle_global,0,0.9003,0.8848,0.9153,0.734,0.6789,0.7854,22.598,22.598,3732,376,1706,4.267
B,iid,oracle_cond,0,0.9006,0.8856,0.9146,0.9043,0.8728,0.9372,22.58,46.842,3732,376,1706,4.267
B,iid,norm_insample,0,0.9033,0.8911,0.9139,0.7633,0.7026,0.8155,21.556,27.091,3732,376,1706,4.267
B,iid,norm_cv,0,0.9003,0.889,0.9111,0.8803,0.8437,0.9171,19.993,44.173,3732,376,1706,4.267
B,iid,norm_cal,0,0.9094,0.8988,0.9192,0.9016,0.8647,0.9362,23.498,47.922,3732,376,1706,4.267
B,iid,mondrian_fixed,0,0.9078,0.8948,0.9205,0.766,0.712,0.813,23.811,26.308,3732,376,1706,4.267
B,iid,cqr,0,0.9094,0.8972,0.9198,0.6809,0.613,0.7387,30.124,72.457,3732,376,1706,4.267
B,iid,split,1,0.8928,0.8761,0.9075,0.6862,0.6163,0.7466,22.854,22.854,3732,376,1672,4.439
B,iid,oracle_global,1,0.9003,0.8852,0.9138,0.6968,0.6264,0.7578,24.092,24.092,3732,376,1672,4.439
B,iid,oracle_cond,1,0.9009,0.8864,0.9141,0.9043,0.8686,0.9301,24.147,61.306,3732,376,1672,4.439
B,iid,norm_insample,1,0.8942,0.881,0.9081,0.7021,0.6351,0.7626,20.295,25.644,3732,376,1672,4.439
B,iid,norm_cv,1,0.9017,0.891,0.9129,0.8644,0.8302,0.8955,19.721,41.787,3732,376,1672,4.439
B,iid,norm_cal,1,0.8987,0.886,0.9096,0.8697,0.8207,0.9115,22.649,46.84,3732,376,1672,4.439
B,iid,mondrian_fixed,1,0.8976,0.8829,0.9115,0.6968,0.626,0.7576,23.195,25.16,3732,376,1672,4.439
B,iid,cqr,1,0.9022,0.8903,0.9155,0.6915,0.6334,0.7427,30.747,73.481,3732,376,1672,4.439
B,iid,split,2,0.8976,0.8821,0.9109,0.75,0.686,0.8062,23.351,23.352,3732,392,1697,4.39
B,iid,oracle_global,2,0.9003,0.886,0.9133,0.7602,0.6971,0.8163,23.953,23.953,3732,392,1697,4.39
B,iid,oracle_cond,2,0.9006,0.887,0.9128,0.9031,0.8624,0.9352,23.645,44.907,3732,392,1697,4.39
B,iid,norm_insample,2,0.8966,0.884,0.9087,0.7628,0.7076,0.8125,21.833,29.248,3732,392,1697,4.39
B,iid,norm_cv,2,0.8939,0.8807,0.9038,0.9413,0.919,0.9625,20.725,44.551,3732,392,1697,4.39
B,iid,norm_cal,2,0.9035,0.8931,0.9135,0.9286,0.898,0.9546,23.479,47.891,3732,392,1697,4.39
B,iid,mondrian_fixed,2,0.8971,0.8819,0.9095,0.7653,0.697,0.8251,23.028,26.459,3732,392,1697,4.39
B,iid,cqr,2,0.8971,0.8854,0.91,0.699,0.6452,0.7575,30.808,73.082,3732,392,1697,4.39
B,iid,split,3,0.9022,0.8883,0.9171,0.7363,0.6769,0.7783,23.706,23.706,3732,402,1706,4.306
B,iid,oracle_global,3,0.9003,0.8868,0.9146,0.7363,0.6769,0.7783,23.476,23.476,3732,402,1706,4.306
B,iid,oracle_cond,3,0.9006,0.8871,0.9153,0.903,0.8729,0.9305,22.351,40.086,3732,402,1706,4.306
B,iid,norm_insample,3,0.9022,0.8896,0.9153,0.7338,0.6727,0.7839,21.389,28.291,3732,402,1706,4.306
B,iid,norm_cv,3,0.9027,0.8911,0.915,0.8756,0.8345,0.9066,19.768,39.715,3732,402,1706,4.306
B,iid,norm_cal,3,0.8974,0.8856,0.909,0.9254,0.8981,0.9534,22.491,49.273,3732,402,1706,4.306
B,iid,mondrian_fixed,3,0.9038,0.8921,0.916,0.7687,0.7079,0.814,23.732,27.176,3732,402,1706,4.306
B,iid,cqr,3,0.9043,0.8936,0.9153,0.709,0.6452,0.7759,30.812,74.131,3732,402,1706,4.306
B,iid,split,4,0.8968,0.8797,0.9129,0.6935,0.622,0.7519,23.869,23.869,3732,385,1661,4.453
B,iid,oracle_global,4,0.9006,0.8853,0.9168,0.6961,0.6267,0.7555,24.463,24.463,3732,385,1661,4.453
B,iid,oracle_cond,4,0.9009,0.8871,0.9139,0.9039,0.8681,0.9352,23.936,51.652,3732,385,1661,4.453
B,iid,norm_insample,4,0.8952,0.8813,0.9107,0.6987,0.6278,0.7563,21.895,27.738,3732,385,1661,4.453
B,iid,norm_cv,4,0.8859,0.8736,0.8974,0.8597,0.8184,0.8988,19.176,43.699,3732,385,1661,4.453
B,iid,norm_cal,4,0.8859,0.8726,0.8971,0.8857,0.8526,0.9171,22.483,49.761,3732,385,1661,4.453
B,iid,mondrian_fixed,4,0.8968,0.8808,0.9111,0.7169,0.6486,0.7746,23.689,26.264,3732,385,1661,4.453
B,iid,cqr,4,0.8877,0.8754,0.9002,0.6286,0.5629,0.6837,29.975,74.431,3732,385,1661,4.453
B,shift,split,0,0.8819,0.8404,0.9153,0.6279,0.5231,0.7204,36.082,36.082,3939,387,919,7.222
B,shift,oracle_global,0,0.9002,0.8574,0.9311,0.6796,0.5719,0.7678,40.628,40.628,3939,387,919,7.222
B,shift,oracle_cond,0,0.9007,0.8562,0.9319,0.9044,0.8323,0.9533,36.949,74.304,3939,387,919,7.222
B,shift,norm_insample,0,0.8896,0.8547,0.9185,0.646,0.5377,0.744,33.52,40.986,3939,387,919,7.222
B,shift,norm_cv,0,0.8939,0.8668,0.919,0.9173,0.8497,0.9629,33.79,76.076,3939,387,919,7.222
B,shift,norm_cal,0,0.8596,0.8203,0.8875,0.863,0.7831,0.9134,30.294,62.171,3939,387,919,7.222
B,shift,mondrian_fixed,0,0.8819,0.8404,0.9153,0.6279,0.5231,0.7204,36.082,36.082,3939,387,919,7.222
B,shift,cqr,0,0.8931,0.8733,0.9124,0.6021,0.4772,0.7383,32.773,72.926,3939,387,919,7.222
B,shift,split,1,0.9235,0.9034,0.9447,0.7352,0.6108,0.8402,38.823,38.823,3659,287,919,6.061
B,shift,oracle_global,1,0.9002,0.8771,0.9249,0.6794,0.5377,0.7954,32.464,32.464,3659,287,919,6.061
B,shift,oracle_cond,1,0.9008,0.88,0.9235,0.9059,0.8481,0.9551,31.398,63.422,3659,287,919,6.061
B,shift,norm_insample,1,0.9098,0.8873,0.9342,0.7631,0.6532,0.8464,33.914,40.803,3659,287,919,6.061
B,shift,norm_cv,1,0.9101,0.8934,0.9264,0.9199,0.8552,0.9638,28.112,68.526,3659,287,919,6.061
B,shift,norm_cal,1,0.871,0.8534,0.8887,0.8258,0.735,0.9048,26.016,60.975,3659,287,919,6.061
B,shift,mondrian_fixed,1,0.9235,0.9034,0.9447,0.7352,0.6108,0.8402,38.823,38.823,3659,287,919,6.061
B,shift,cqr,1,0.9281,0.9111,0.9433,0.7003,0.5973,0.8099,31.641,73.728,3659,287,919,6.061
B,shift,split,2,0.8988,0.8737,0.9243,0.6634,0.5222,0.7652,32.907,32.907,3549,303,919,6.129
B,shift,oracle_global,2,0.9003,0.8747,0.9253,0.6667,0.5241,0.7683,33.254,33.254,3549,303,919,6.129
B,shift,oracle_cond,2,0.9008,0.8742,0.927,0.9043,0.8299,0.9561,32.734,77.399,3549,303,919,6.129
B,shift,norm_insample,2,0.8983,0.8676,0.927,0.6997,0.5451,0.807,30.268,40.605,3549,303,919,6.129
B,shift,norm_cv,2,0.8709,0.8484,0.893,0.8515,0.7647,0.9184,25.47,54.84,3549,303,919,6.129
B,shift,norm_cal,2,0.8397,0.8136,0.8648,0.7954,0.7282,0.8626,23.03,45.443,3549,303,919,6.129
B,shift,mondrian_fixed,2,0.8988,0.8737,0.9243,0.6634,0.5222,0.7652,32.907,32.907,3549,303,919,6.129
B,shift,cqr,2,0.9048,0.8838,0.928,0.6865,0.5651,0.8071,30.937,73.681,3549,303,919,6.129
B,shift,split,3,0.8826,0.8589,0.9083,0.6238,0.5135,0.7161,32.167,32.167,3568,404,919,6.431
B,shift,oracle_global,3,0.9005,0.8782,0.9246,0.6708,0.5705,0.752,37.658,37.658,3568,404,919,6.431
B,shift,oracle_cond,3,0.9008,0.8818,0.9178,0.9035,0.8322,0.9521,33.428,71.802,3568,404,919,6.431
B,shift,norm_insample,3,0.877,0.8554,0.8994,0.6337,0.4799,0.7381,28.485,36.0,3568,404,919,6.431
B,shift,norm_cv,3,0.8899,0.8707,0.9088,0.8564,0.8053,0.8977,28.141,53.379,3568,404,919,6.431
B,shift,norm_cal,3,0.845,0.823,0.8687,0.8243,0.7486,0.9083,24.628,48.457,3568,404,919,6.431
B,shift,mondrian_fixed,3,0.8826,0.8589,0.9083,0.6238,0.5135,0.7161,32.167,32.167,3568,404,919,6.431
B,shift,cqr,3,0.8859,0.8568,0.9099,0.6609,0.5356,0.7401,31.99,72.267,3568,404,919,6.431
B,shift,split,4,0.868,0.8376,0.8981,0.6559,0.5538,0.7359,33.056,33.056,4023,372,919,7.18
B,shift,oracle_global,4,0.9003,0.872,0.926,0.7554,0.6629,0.8216,39.325,39.325,4023,372,919,7.18
B,shift,oracle_cond,4,0.9006,0.8737,0.9264,0.9032,0.8509,0.9451,37.73,56.843,4023,372,919,7.18
B,shift,norm_insample,4,0.8916,0.863,0.9156,0.7392,0.645,0.8162,33.342,40.741,4023,372,919,7.18
B,shift,norm_cv,4,0.8784,0.861,0.895,0.8441,0.7932,0.8875,28.205,48.807,4023,372,919,7.18
B,shift,norm_cal,4,0.8533,0.8299,0.8723,0.8656,0.8059,0.9121,28.099,49.5,4023,372,919,7.18
B,shift,mondrian_fixed,4,0.868,0.8376,0.8981,0.6559,0.5538,0.7359,33.056,33.056,4023,372,919,7.18
B,shift,cqr,4,0.9028,0.8839,0.92,0.6694,0.5854,0.7622,34.294,72.389,4023,372,919,7.18
B,deploy,split,0,0.8132,0.7718,0.8543,0.447,0.3309,0.5808,23.539,23.539,3939,387,919,7.016
B,deploy,oracle_global,0,0.9002,0.8628,0.932,0.6434,0.5357,0.7626,40.207,40.207,3939,387,919,7.016
B,deploy,oracle_cond,0,0.9007,0.8627,0.9304,0.9044,0.8445,0.951,36.016,76.667,3939,387,919,7.016
B,deploy,norm_insample,0,0.8165,0.7829,0.8503,0.5168,0.39,0.6462,21.326,25.95,3939,387,919,7.016
B,deploy,norm_cv,0,0.7964,0.7707,0.8189,0.7364,0.6344,0.82,22.844,50.812,3939,387,919,7.016
B,deploy,norm_cal,0,0.7781,0.7469,0.8074,0.7339,0.6218,0.8383,26.017,55.435,3939,387,919,7.016
B,deploy,mondrian_fixed,0,0.8132,0.7718,0.8543,0.447,0.3309,0.5808,23.539,23.539,3939,387,919,7.016
B,deploy,cqr,0,0.8383,0.8119,0.862,0.5556,0.4168,0.7053,30.55,69.349,3939,387,919,7.016
B,deploy,split,1,0.8516,0.8215,0.8823,0.554,0.4472,0.6636,22.995,22.995,3659,287,919,5.795
B,deploy,oracle_global,1,0.9002,0.8786,0.9243,0.6899,0.6015,0.7723,31.528,31.528,3659,287,919,5.795
B,deploy,oracle_cond,1,0.9008,0.8801,0.9217,0.9059,0.8481,0.9538,30.656,64.371,3659,287,919,5.795
B,deploy,norm_insample,1,0.8456,0.821,0.8721,0.5749,0.4809,0.689,19.986,23.689,3659,287,919,5.795
B,deploy,norm_cv,1,0.8442,0.8242,0.8629,0.8676,0.8197,0.911,21.889,51.03,3659,287,919,5.795
B,deploy,norm_cal,1,0.8467,0.8213,0.8698,0.7805,0.6667,0.8837,24.612,45.702,3659,287,919,5.795
B,deploy,mondrian_fixed,1,0.8516,0.8215,0.8823,0.554,0.4472,0.6636,22.995,22.995,3659,287,919,5.795
B,deploy,cqr,1,0.8568,0.8344,0.8759,0.5854,0.464,0.7259,28.211,71.439,3659,287,919,5.795
B,deploy,split,2,0.8442,0.8132,0.8767,0.5776,0.4424,0.6726,22.841,22.841,3549,303,919,5.898
B,deploy,oracle_global,2,0.9003,0.8768,0.926,0.7129,0.5829,0.8113,32.401,32.401,3549,303,919,5.898
B,deploy,oracle_cond,2,0.9005,0.8761,0.9252,0.901,0.8031,0.9693,31.755,70.211,3549,303,919,5.898
B,deploy,norm_insample,2,0.8385,0.8099,0.8718,0.5974,0.4649,0.7,19.027,23.168,3549,303,919,5.898
B,deploy,norm_cv,2,0.8022,0.7726,0.8321,0.7855,0.6729,0.8663,20.294,43.05,3549,303,919,5.898
B,deploy,norm_cal,2,0.8129,0.7895,0.8362,0.7921,0.6948,0.8724,21.06,43.239,3549,303,919,5.898
B,deploy,mondrian_fixed,2,0.8442,0.8132,0.8767,0.5776,0.4424,0.6726,22.841,22.841,3549,303,919,5.898
B,deploy,cqr,2,0.8369,0.8088,0.8653,0.6568,0.5248,0.7764,28.776,72.224,3549,303,919,5.898
B,deploy,split,3,0.7954,0.7624,0.832,0.4629,0.3294,0.5542,19.946,19.946,3568,404,919,6.338
B,deploy,oracle_global,3,0.9002,0.8779,0.9244,0.6535,0.5184,0.7494,35.031,35.031,3568,404,919,6.338
B,deploy,oracle_cond,3,0.9008,0.8839,0.9201,0.9035,0.8478,0.9537,31.966,66.125,3568,404,919,6.338
B,deploy,norm_insample,3,0.7884,0.7572,0.8206,0.5025,0.3323,0.606,17.608,22.491,3568,404,919,6.338
B,deploy,norm_cv,3,0.7965,0.7731,0.8214,0.755,0.6477,0.8343,20.873,41.64,3568,404,919,6.338
B,deploy,norm_cal,3,0.8066,0.783,0.8314,0.7772,0.6748,0.8575,22.183,46.798,3568,404,919,6.338
B,deploy,mondrian_fixed,3,0.7954,0.7624,0.832,0.4629,0.3294,0.5542,19.946,19.946,3568,404,919,6.338
B,deploy,cqr,3,0.8052,0.7726,0.8352,0.5668,0.4593,0.658,29.863,70.47,3568,404,919,6.338
B,deploy,split,4,0.8178,0.7776,0.8548,0.4839,0.3774,0.5896,23.392,23.392,4023,372,919,6.796
B,deploy,oracle_global,4,0.9003,0.8693,0.9265,0.6505,0.5459,0.7388,36.702,36.702,4023,372,919,6.796
B,deploy,oracle_cond,4,0.9006,0.8766,0.9238,0.9032,0.8456,0.9467,34.103,63.616,4023,372,919,6.796
B,deploy,norm_insample,4,0.7947,0.7564,0.8326,0.4677,0.3426,0.5741,19.737,23.643,4023,372,919,6.796
B,deploy,norm_cv,4,0.7798,0.7494,0.8061,0.6344,0.5181,0.7459,21.227,36.795,4023,372,919,6.796
B,deploy,norm_cal,4,0.7788,0.75,0.8058,0.7177,0.6113,0.8087,23.386,44.464,4023,372,919,6.796
B,deploy,mondrian_fixed,4,0.8178,0.7776,0.8548,0.4839,0.3774,0.5896,23.392,23.392,4023,372,919,6.796
B,deploy,cqr,4,0.8655,0.8446,0.8849,0.6237,0.5347,0.7339,31.078,67.711,4023,372,919,6.796
A,iid,split,0,0.895,0.8824,0.9083,0.8406,0.806,0.868,28.713,28.713,6379,1198,2008,5.573
A,iid,oracle_global,0,0.9001,0.8876,0.9126,0.8506,0.8172,0.8756,29.538,29.538,6379,1198,2008,5.573
A,iid,oracle_cond,0,0.9005,0.8877,0.9135,0.9015,0.8757,0.9231,29.117,37.558,6379,1198,2008,5.573
A,iid,norm_cv,0,0.8965,0.8873,0.9047,0.9265,0.9079,0.9446,24.717,37.025,6379,1198,2008,5.573
A,iid,cqr,0,0.8998,0.8904,0.909,0.8189,0.7795,0.8476,37.454,64.696,6379,1198,2008,5.573
A,iid,split,1,0.8932,0.8786,0.9065,0.8531,0.8173,0.8797,28.395,28.395,6379,1205,2050,5.657
A,iid,oracle_global,1,0.9001,0.8854,0.9134,0.8598,0.8256,0.8861,29.676,29.675,6379,1205,2050,5.657
A,iid,oracle_cond,1,0.9005,0.8867,0.9132,0.9012,0.8688,0.9265,29.567,36.348,6379,1205,2050,5.657
A,iid,norm_cv,1,0.8958,0.8872,0.9046,0.917,0.8967,0.9343,24.633,37.069,6379,1205,2050,5.657
A,iid,cqr,1,0.9001,0.8923,0.9088,0.849,0.8134,0.8739,37.29,62.024,6379,1205,2050,5.657
A,iid,split,2,0.9022,0.8897,0.9155,0.8336,0.7927,0.8641,30.277,30.277,6379,1166,2053,5.54
A,iid,oracle_global,2,0.9001,0.8873,0.9132,0.8319,0.7894,0.8637,29.781,29.781,6379,1166,2053,5.54
A,iid,oracle_cond,2,0.9005,0.8879,0.9112,0.9014,0.8683,0.9281,29.625,43.748,6379,1166,2053,5.54
A,iid,norm_cv,2,0.9023,0.8934,0.9102,0.9082,0.8832,0.928,24.667,38.95,6379,1166,2053,5.54
A,iid,cqr,2,0.9044,0.894,0.913,0.7959,0.7502,0.8311,37.323,64.96,6379,1166,2053,5.54
A,iid,split,3,0.903,0.8903,0.9156,0.839,0.7998,0.8701,29.37,29.37,6379,1230,2012,5.545
A,iid,oracle_global,3,0.9001,0.8879,0.9124,0.835,0.7943,0.8672,28.737,28.737,6379,1230,2012,5.545
A,iid,oracle_cond,3,0.9003,0.8882,0.9112,0.9008,0.8684,0.9225,28.449,40.342,6379,1230,2012,5.545
A,iid,norm_cv,3,0.9072,0.8991,0.9164,0.9244,0.9087,0.9434,25.649,40.086,6379,1230,2012,5.545
A,iid,cqr,3,0.8992,0.8895,0.9086,0.8106,0.7747,0.8398,38.253,65.713,6379,1230,2012,5.545
A,iid,split,4,0.8914,0.8797,0.9037,0.8221,0.7872,0.8515,29.418,29.418,6379,1220,2041,5.725
A,iid,oracle_global,4,0.9001,0.8882,0.913,0.8361,0.8029,0.8637,30.918,30.918,6379,1220,2041,5.725
A,iid,oracle_cond,4,0.9003,0.889,0.9125,0.9008,0.8726,0.9217,30.514,41.229,6379,1220,2041,5.725
A,iid,norm_cv,4,0.8967,0.8886,0.9054,0.9098,0.8891,0.9268,25.479,38.99,6379,1220,2041,5.725
A,iid,cqr,4,0.891,0.8809,0.9007,0.8123,0.7781,0.8357,37.867,65.067,6379,1220,2041,5.725
A,deploy,split,0,0.7668,0.7192,0.8211,0.5401,0.445,0.6513,26.671,26.671,6638,1396,1010,8.982
A,deploy,oracle_global,0,0.9001,0.8715,0.93,0.8209,0.7604,0.8664,46.829,46.829,6638,1396,1010,8.982
A,deploy,oracle_cond,0,0.9003,0.8633,0.9301,0.9011,0.8589,0.9322,45.51,63.998,6638,1396,1010,8.982
A,deploy,norm_cv,0,0.7807,0.7276,0.8187,0.8317,0.7728,0.8783,28.911,47.219,6638,1396,1010,8.982
A,deploy,cqr,0,0.7558,0.7227,0.7943,0.5795,0.452,0.7067,36.818,62.378,6638,1396,1010,8.982
A,deploy,split,1,0.7914,0.7538,0.8283,0.6852,0.6118,0.7593,27.541,27.541,6160,1239,1010,8.695
A,deploy,oracle_global,1,0.9002,0.8772,0.9206,0.8652,0.8126,0.905,45.694,45.694,6160,1239,1010,8.695
A,deploy,oracle_cond,1,0.9003,0.8766,0.9218,0.9007,0.855,0.9343,45.435,55.024,6160,1239,1010,8.695
A,deploy,norm_cv,1,0.782,0.7506,0.8056,0.8273,0.7588,0.8797,27.802,42.522,6160,1239,1010,8.695
A,deploy,cqr,1,0.7963,0.7524,0.8342,0.6683,0.5405,0.7797,38.388,61.591,6160,1239,1010,8.695
A,deploy,split,2,0.8143,0.7804,0.857,0.6659,0.5756,0.7246,28.407,28.407,6636,1347,1010,8.482
A,deploy,oracle_global,2,0.9002,0.8785,0.9279,0.8344,0.7678,0.8677,42.309,42.309,6636,1347,1010,8.482
A,deploy,oracle_cond,2,0.9004,0.8771,0.9264,0.9013,0.8442,0.9305,40.326,53.787,6636,1347,1010,8.482
A,deploy,norm_cv,2,0.811,0.7853,0.8364,0.8537,0.7737,0.8964,29.824,42.541,6636,1347,1010,8.482
A,deploy,cqr,2,0.8235,0.7948,0.8472,0.7699,0.6599,0.8438,38.352,63.301,6636,1347,1010,8.482
A,deploy,split,3,0.8299,0.7969,0.8625,0.608,0.5358,0.6656,28.447,28.447,5514,676,1010,7.946
A,deploy,oracle_global,3,0.9003,0.8759,0.9224,0.7456,0.6736,0.805,38.585,38.585,5514,676,1010,7.946
A,deploy,oracle_cond,3,0.9006,0.8767,0.9227,0.9024,0.8502,0.9382,38.781,70.257,5514,676,1010,7.946
A,deploy,norm_cv,3,0.7755,0.7447,0.8027,0.7396,0.6774,0.7966,24.779,41.103,5514,676,1010,7.946
A,deploy,cqr,3,0.8023,0.7723,0.8284,0.6967,0.6238,0.76,32.56,60.388,5514,676,1010,7.946
A,deploy,split,4,0.7513,0.6975,0.8126,0.5363,0.4292,0.6656,27.538,27.538,6937,1212,1010,9.919
A,deploy,oracle_global,4,0.9002,0.8623,0.9345,0.8168,0.76,0.8732,50.137,50.137,6937,1212,1010,9.919
A,deploy,oracle_cond,4,0.9004,0.8579,0.9333,0.901,0.8626,0.9334,48.803,65.783,6937,1212,1010,9.919
A,deploy,norm_cv,4,0.7581,0.7064,0.8056,0.7327,0.6184,0.8532,27.173,41.047,6937,1212,1010,9.919
A,deploy,cqr,4,0.7652,0.7279,0.8075,0.5784,0.4842,0.6991,38.797,62.895,6937,1212,1010,9.919
