data_number	common_formula	chemical_formula	structure_name	tc_unit	tc_recommended	journal
103693		Ag1In2	CuAl2	K	2.4	PRENUM PRESS 1973
103358	Ag1In2	Ag1In2		K	2.3	PRENUM PRESS 1973
100025	Ag1La1	Ag1La1	CsCl	K	1.2	J.PHYS.CHEM.SOLIDS,27(1966)1555
100026	Ag1La1	Ag1La1		K	0.96	J.PHYS.CHEM.SOLIDS,27(1966)1555
130029	AgMo4S5	Ag1Mo4S5	Chevrel	K	7.77	Plenum Press, 1976, p137-160
130160	AgMo4S5	Ag1Mo4S5	Chevrel	K	7.77	Plenum Press, 1976, p137-160
108016	AgMo6S8	Ag1Mo6S8	Chevrel	K	7.7	J.Low Temp.Phys., 48(1982)503
130005	AgMo6S8	Ag1Mo6S8	Chevrel	K	7.7	J.Low Temp.Phys., 48(1982)503
40076	Ag7O8F	Ag7F1O8		K	0.3	Phys.Rev.Lett., 17(1966)917
152990	Ag6O8Ag(F)	Ag7F1O8	clathrate	K	0.3	Phys.Rev.Lett., 17(1966)917
152989	Ag6O8Ag(NO3)	Ag7N1O11	clathrate	K	1.04	Phys.Rev.Lett., 17(1966)917
40075	Ag7O8(NO3)	Ag7N1O11		K	1.04	Phys.Rev.Lett., 17(1966)917
100184	Al0.152Sn0.848	Al0.152Sn0.848		K	3.69	J.APPL.PHYS.,36(1965)3895
112469	Sn1-xAlx	Al0.152Sn0.848		K	3.677	J.APPL.PHYS.,36(1965)3895
108000	Nb3Al	Al0.24Nb0.76	Cr3Si(A15)	K	18.7	J.Low Temp.Phys., 51(1983)179
108001	Nb3Al	Al0.24Nb0.76	Cr3Si(A15)	K	16.9	J.Low Temp.Phys., 51(1983)179
108002	Nb3Al	Al0.24Nb0.76	Cr3Si(A15)	K	7.1	J.Low Temp.Phys., 51(1983)179
108003	Nb3Al	Al0.24Nb0.76	Cr3Si(A15)	K	3.9	J.Low Temp.Phys., 51(1983)179
103706		Al1		K	1.3	PRENUM PRESS 1973
103705		Al1	Cu	K	1.17	PRENUM PRESS 1973
100177	Al13Os4	Al13Os4		K	5.5	HELV.PHYS.ACTA,41(1968)1052
111888	Al13Os4	Al13Os4		K	5.3	HELV.PHYS.ACTA,41(1968)1052
108026	Nb3Al	Al1Nb3	Cr3Si(A15)	K	18.7	Phys.Rev.B, 24(1981)3794
108027	Nb3Al	Al1Nb3	Cr3Si(A15)	K	17.9	Phys.Rev.B, 24(1981)3794
108028	Nb3Al	Al1Nb3	Cr3Si(A15)	K	9.9	Phys.Rev.B, 24(1981)3794
108005	Nb3Al	Al1Nb3	Cr3Si(A15)	K	18.45	Phys.Rev.B, 29(1984)1189
108004	Nb3Al	Al1Nb3	Cr3Si(A15)	K	16.84	Phys.Rev.B, 29(1984)1189
109262	Nb3Al	Al1Nb3	Cr3Si(A15)	K	17.5	Sov.Phys.JETP, 38(1973)525
109269	Nb3Al	Al1Nb3	Cr3Si(A15)	K	17.11	Sov.Phys.JETP, 38(1973)525
103686		Al2C1Mo3	beta-Mn	K	10.0	PRENUM PRESS 1973
104329		Al2C1Mo3		K	9.8	PRENUM PRESS 1973
103704		Al2C1Mo3		K	9.8	PRENUM PRESS 1973
112967	Al2CaSi	Al2Ca1Si1		K	5.8	JETP  16(1963)1493
100087	Al2Ca1Si1	Al2Ca1Si1		K	5.8	JETP  16(1963)1493
111422	Am	Am1		K	0.79	J.Alloys Compd, 213/214(1994)148
111421	Am	Am1		K	0.79	J.Alloys Compd, 213/214(1994)148
12071	Am(II)	Am1	element	K	2.2	Phys.Rev.Lett., 94(2005)097002
12072	Am(IV)	Am1	element	K	1.5	Phys.Rev.Lett., 94(2005)097002
12070	Am(I)	Am1	element	K	0.62	Phys.Rev.Lett., 94(2005)097002
131108	GaAs	As1Ga1		K	4.5	Solid State Commun., 71(1989)369
131121	GaAs	As1Ga1		K	3.0	Solid State Commun., 71(1989)369
103034		As1Ni0.12Pd0.88		K	1.39	PRENUM PRESS 1973
103312	As1Ni0.12Pd0.88	As1Ni0.12Pd0.88		K	1.39	PRENUM PRESS 1973
103033		As1Ni0.25Pd0.75	NiAs	K	1.6	PRENUM PRESS 1973
103313	As1Ni0.25Pd0.75	As1Ni0.25Pd0.75		K	1.6	PRENUM PRESS 1973
103035		As1Ni0.25Pd0.75		K	1.34	PRENUM PRESS 1973
103311	As1Ni0.25Pd0.75	As1Ni0.25Pd0.75		K	1.34	PRENUM PRESS 1973
100263	As1Pd2	As1Pd2	Fe2P	K	1.7	J.PHYS.CHEM.SOLIDS,24(1963)1093
100262	As1Pd2	As1Pd2		K	0.6	J.PHYS.CHEM.SOLIDS,24(1963)1093
157105	SnAs	As1Sn1	NaCl	K	3.8	J.Solid State Chem., 252(2017)106
157420	SnAs	As1Sn1	NaCl	K	3.8	J.Solid State Chem., 252(2017)106
158552	Cd3As2 film	As2Cd3		K	0.186	Phys.Rev.B, 99(2019)094512
158554	Cd3As2 film	As2Cd3		K	0.186	Phys.Rev.B, 99(2019)094512
158553	Cd3As2 film	As2Cd3		K	0.185	Phys.Rev.B, 99(2019)094512
154410	AuxSb1-x	Au0.1Sb0.9		K	8.0	Supercond.Sci.Technol., 27(2014)025005
154411	AuxSb1-x	Au0.1Sb0.9		K	7.0	Supercond.Sci.Technol., 27(2014)025005
110278	(Au,Ga)	Au0.293Ga0.707		K	1.63	J.Less-Common Metals, 62(1978)197
131056	AuGa2	Au0.293Ga0.707		K	1.63	J.Less-Common Metals, 62(1978)197
131055	AuGa2	Au0.388Ga0.612		K	1.355	J.Less-Common Metals, 62(1978)197
110276	(Au,Ga)	Au0.388Ga0.612		K	1.355	J.Less-Common Metals, 62(1978)197
110275	(Au,Ga)	Au0.427Ga0.573		K	1.378	J.Less-Common Metals, 62(1978)197
131054	AuGa	Au0.427Ga0.573		K	1.378	J.Less-Common Metals, 62(1978)197
110274	(Au,Ga)	Au0.499Ga0.501		K	1.17	J.Less-Common Metals, 62(1978)197
131053	AuGa	Au0.499Ga0.501		K	1.17	J.Less-Common Metals, 62(1978)197
131059	(Au,Pd)Ga2	Au0.85Pd0.15Ga2	CaF2	K	1.79	J.Less-Common Metals, 62(1978)197
110273	(Au,Pd)Ga2	Au0.85Pd0.15Ga2		K	1.79	J.Less-Common Metals, 62(1978)197
131058	(Au,Pd)Ga2	Au0.93Pd0.07Ga2	CaF2	K	1.773	J.Less-Common Metals, 62(1978)197
110272	(Au,Pd)Ga2	Au0.93Pd0.07Ga2		K	1.773	J.Less-Common Metals, 62(1978)197
111434	Au-In	Au0.9In0.1		K	0.0641	Solid State Commun., 18(1976)139
131082	(Au,In)	Au0.9In0.1		K	0.0625	Solid State Commun., 18(1976)139
109057		Au1Nb3	Cr3Si(A15)	K	11.23	J.Low Temp.Phys., 6(1972)171
109056		Au1Nb3	Cr3Si(A15)	K	11.08	J.Low Temp.Phys., 6(1972)171
100315	Au1Nb3	Au1Nb3	Cr3Si(A15)	K	11.5	PHYS.REV.,137(1965)A1438
112731	Nb3Au	Au1Nb3	Cr3Si(A15)	K	11.5	PHYS.REV.,137(1965)A1438
109049		Au1Nb3	Cr3Si(A15)	K	10.7	Solid State Commun., 30(1979)723
40847	Nb3Au	Au1Nb3	Cr3Si(A15)	K	10.7	Solid State Commun., 30(1979)723
103746		Au1Th2	CuAl2	K	3.08	PRENUM PRESS 1973
103337	Au1Th2	Au1Th2		K	3.08	PRENUM PRESS 1973
130066	V3Au	Au1V3	Cr3Si(A15)	K	2.731	J.Low Temp.Phys., 6(1972)171
130065	V3Au	Au1V3	Cr3Si(A15)	K	1.755	J.Low Temp.Phys., 6(1972)171
18303	(B,C)(Sr,Ba)2Ca2Cu3O9	B0.6C0.4Sr0.5Ba1.5Ca2Cu3O9	C1223	K	119.0	Phys.Rev.B,57(1998)8667
18302	(B,C)(Sr,Ba)2Ca2Cu3O9	B0.6C0.4Sr0.5Ba1.5Ca2Cu3O9	C1223	K	119.0	Phys.Rev.B,57(1998)8667
103765		B1C1Mo2		K	5.4	PRENUM PRESS 1973
103763		B1C1Mo2		K	5.3	PRENUM PRESS 1973
112004	B(Mo,Ta)2	B1Mo1.5Ta0.5	CuAl2	K	1.82	J.LESS-COMMON METALS,27(1972)281
100394	B1Mo1.5Ta0.5	B1Mo1.5Ta0.5	CuAl2	K	1.81	J.LESS-COMMON METALS,27(1972)281
90357	Mo2B	B1Mo2	CuAl2	K	5.86	Phys.Rev., 179(1969)452
90358	Mo2B	B1Mo2	CuAl2	K	5.86	Phys.Rev., 179(1969)452
5539	BSr2Ca3Cu4O11	B1Sr2Ca3Cu4O11	B1234	K	110.0	Physica C.,241(1995)137-141
8700	BSr2Ca3CuO11	B1Sr2Ca3Cu4O11	B1234	K	110.0	Physica C.,241(1995)137-141
90359	W2B	B1W2	CuAl2	K	3.18	Phys.Rev., 179(1969)452
90360	W2B	B1W2	CuAl2	K	3.18	Phys.Rev., 179(1969)452
109965	BeB2.75	B2.75Be1		K	0.79	Phys.Rev.B, 65(2002)180518
109964	BeB2.75	B2.75Be1		K	0.72	Phys.Rev.B, 65(2002)180518
109608	BeB2	B2.75Be1		K	0.79	cond-mat/0104063(2001)
109607	BeB2	B2.75Be1		K	0.72	cond-mat/0104063(2001)
109603	MgB2	B2Mg1	AlB2	K	39.0	JETP Lett., 73(2001)570
109604	MgB2	B2Mg1	AlB2	K	5.0	JETP Lett., 73(2001)570
109455	MgB2	B2Mg1	AlB2	K	39.0	Nature 410(2001)343
109582	MgB2	B2Mg1	AlB2	K	38.0	Nature 410(2001)343
109577	MgB2	B2Mg1	AlB2	K	40.0	Nature, 411(2001)457
109578	MgB2	B2Mg1	AlB2	K	40.0	Nature, 411(2001)457
109459	MgB2	B2Mg1	AlB2	K	39.0	Phys.Rev.B, 63(2001)224522
40070	MgB2	B2Mg1	AlB2	K	39.0	Phys.Rev.B, 63(2001)224522
109736	MgB2	B2Mg1	AlB2	K	38.2	Phys.Rev.B, 64(2001)212509
109735	MgB2	B2Mg1	AlB2	K	38.2	Phys.Rev.B, 64(2001)212509
109734	MgB2	B2Mg1	AlB2	K	38.2	Phys.Rev.B, 64(2001)212509
111137	MgB2	B2Mg1	AlB2	K	39.0	Phys.Rev.B, 66(2002)104521
111138	MgB2	B2Mg1	AlB2	K	36.0	Phys.Rev.B, 66(2002)104521
111344	MgB2	B2Mg1	AlB2	K	38.9	Phys.Rev.B, 67(2003)064505
111345	MgB2	B2Mg1	AlB2	K	38.7	Phys.Rev.B, 67(2003)064505
111489	MgB2	B2Mg1	AlB2	K	38.0	Phys.Rev.B, 68(2003)104513
111490	MgB2	B2Mg1	AlB2	K	37.0	Phys.Rev.B, 68(2003)104513
111811	MgB2	B2Mg1	AlB2	K	40.36	Phys.Rev.B, 70(2004)014519
111812	MgB2	B2Mg1	AlB2	K	39.36	Phys.Rev.B, 70(2004)014519
109326	MgB2	B2Mg1	AlB2	K	40.2	Phys.Rev.Lett., 86(2001)1877
109325	MgB2	B2Mg1	AlB2	K	39.2	Phys.Rev.Lett., 86(2001)1877
111408	MgB2	B2Mg1	AlB2	K	39.0	Physica B, 328(2003)23
111652	MgB2	B2Mg1	AlB2	K	39.0	Physica B, 328(2003)23
109925	MgB2	B2Mg1	AlB2	K	38.0	Physica C, 370(2002)6
109924	MgB2	B2Mg1	AlB2	K	38.0	Physica C, 370(2002)6
113309	MgB2	B2Mg1	AlB2	K	38.81	Physica C, 407(2004)31
93309	MgB2	B2Mg1	AlB2	K	38.81	Physica C, 407(2004)31
90233	MgB2	B2Mg1	AlB2	K	38.7	Physica C, 420(2005)83
90238	MgB2	B2Mg1	AlB2	K	30.4	Physica C, 420(2005)83
90239	MgB2	B2Mg1	AlB2	K	22.8	Physica C, 420(2005)83
90240	MgB2	B2Mg1	AlB2	K	17.1	Physica C, 420(2005)83
90241	MgB2	B2Mg1	AlB2	K	13.6	Physica C, 420(2005)83
90242	MgB2	B2Mg1	AlB2	K	8.13	Physica C, 420(2005)83
109852	MgB2	B2Mg1	AlB2	K	38.6	Solid State Commun., 121(2002)575
111322	MgB2	B2Mg1	AlB2	K	38.6	Solid State Commun., 121(2002)575
109936	MgB2	B2Mg1	AlB2	K	38.6	Solid State Commun., 121(2002)575
109329	MgB2	B2Mg1	AlB2	K	40.25	cond-mat/0104242(2001)
109330	MgB2	B2Mg1	AlB2	K	40.23	cond-mat/0104242(2001)
109331	MgB2	B2Mg1	AlB2	K	40.21	cond-mat/0104242(2001)
150618	NbB2	B2Nb1	AlB2	K	7.83	Physica C, 468(2008)411
150617	NbB2	B2Nb1	AlB2	K	6.13	Physica C, 468(2008)411
150616	NbB2	B2Nb1	AlB2	K	5.53	Physica C, 468(2008)411
150613	NbB2	B2Nb1	AlB2	K	0.0	Physica C, 468(2008)411
150375	OsB2	B2Os1	RuB2	K	2.17	Phys.Rev.B, 76(2007)214510
150377	OsB2	B2Os1	RuB2	K	2.12	Phys.Rev.B, 76(2007)214510
155649	YB6	B6Y1	CaB6	K	7.5	Phys.Rev.B, 90(2014)045136
155650	YB6	B6Y1	CaB6	K	5.9	Phys.Rev.B, 90(2014)045136
158545	YB6	B6Y1	CaB6	K	7.55	Phys.Rev.B, 96(2017)144501
158546	YB6	B6Y1	CaB6	K	7.4	Phys.Rev.B, 96(2017)144501
158547	YB6	B6Y1	CaB6	K	6.6	Phys.Rev.B, 96(2017)144501
158548	YB6	B6Y1	CaB6	K	5.2	Phys.Rev.B, 96(2017)144501
18	(La,Ba)2(Cu,Ag)O4	Ba0.1La1.9Ag0.1Cu0.9O4-Y	T	K	27.0	Jpn.J.Appl.Phys., 26(1987)L223
3	(Ba,La,Ag)2CuO4	Ba0.1La1.9Ag0.1Cu0.9O4-Y	T	K	26.0	Jpn.J.Appl.Phys., 26(1987)L223
155565	Bax(THF)HfNCl	Ba0.1M1Hf1N1Cl1	SmSI	K	25.7	Supercond.Sci.Technol., 26(2013)085015
155564	Bax(NH3)yHfNCl	Ba0.1M1Hf1N1Cl1	SmSI	K	24.5	Supercond.Sci.Technol., 26(2013)085015
88		Ba0.3La1.7Hg0.15Cu0.85O4-Y		K	28.0	Jpn.J.Appl.Phys., 26(1987)L223
89		Ba0.3La1.7Hg0.15Cu0.85O4-Y		K	28.0	Jpn.J.Appl.Phys., 26(1987)L223
4744	(Ba,K)BiO3	Ba0.55K0.45Bi1O3	BKBO	K	22.5	PHYS.REV.B,48(1993)6617
4745	(Ba,K)BiO3	Ba0.55K0.45Bi1O3	BKBO	K	20.0	PHYS.REV.B,48(1993)6617
1733	(Ba,K)BiO3	Ba0.5K0.5Bi1O3	BKBO	K	24.0	PHY.REV.B,42(1990)2551
8454	(Ba,K)BiO3	Ba0.5K0.5Bi1O3	BKBO	K	23.5	PHY.REV.B,42(1990)2551
151424	(Ba,K)Fe2As2	Ba0.5K0.5Fe2As2	ThCr2Si2	K	32.0	Phys.Rev.Lett., 102(2009)187005
151421	(Ba,K)Fe2As2	Ba0.5K0.5Fe2As2	ThCr2Si2	K	32.0	Phys.Rev.Lett., 102(2009)187005
3385	(Ba,K)BiO3	Ba0.63K0.37Bi1O3	BKBO	K	30.0	PHYSICA C,195(1992)373
3384	(Ba,K)BiO3	Ba0.63K0.37Bi1O3	BKBO	K	29.1	PHYSICA C,195(1992)373
2232	(Ba,K)BiO3	Ba0.6K0.4Bi1O3	BKBO	K	25.5	PHYS.REV.B,43(1991)7955
2233	(Ba,K)BiO3	Ba0.6K0.4Bi1O3	BKBO	K	25.5	PHYS.REV.B,43(1991)7955
9550	(Ba,K)BiO3	Ba0.6K0.4Bi1O3	BKBO	K	29.0	Phys.Rev.B,61(2000)14815-14820
9551	(Ba,K)BiO3	Ba0.6K0.4Bi1O3	BKBO	K	27.0	Phys.Rev.B,61(2000)14815-14820
9545	(Ba,K)BiO3	Ba0.6K0.4Bi1O3	BKBO	K	31.2	Physica.C,267(1996)270-278
9546	(Ba,K)BiO3	Ba0.6K0.4Bi1O3	BKBO	K	29.1	Physica.C,267(1996)270-278
8345	(Ba,K)BiO3	Ba0.6K0.4Bi1O3+Z	BKBO	K	31.0	Solid State Commun., 108(1998)59
8344	(Ba,K)BiO3	Ba0.6K0.4Bi1O3+Z	BKBO	K	31.0	Solid State Commun., 108(1998)59
157539	Ba0.6K0.4Fe2As2	Ba0.6K0.4Fe2As2	ThCr2Si2	K	39.0	Phys.Rev.B, 87(2013)180502
157540	Ba0.6K0.4Fe2As2	Ba0.6K0.4Fe2As2	ThCr2Si2	K	36.8	Phys.Rev.B, 87(2013)180502
155131	(Ba,K)Fe2As2	Ba0.81K0.19Fe2As2	ThCr2Si2	K	14.0	Phys.Rev.B, 90(2014)104514
155132	(Ba,K)Fe2As2	Ba0.81K0.19Fe2As2	ThCr2Si2	K	9.2	Phys.Rev.B, 90(2014)104514
100467	Ba1	Ba1		K	5.1	ZH.EKSP.TEOR.FIZ.,61(1971)2357, Soviet Physics JETP, 34(1972)1263
100466	Ba1	Ba1		K	4.9	ZH.EKSP.TEOR.FIZ.,61(1971)2357, Soviet Physics JETP, 34(1972)1263
100465	Ba1	Ba1		K	4.7	ZH.EKSP.TEOR.FIZ.,61(1971)2357, Soviet Physics JETP, 34(1972)1263
100464	Ba1	Ba1		K	4.5	ZH.EKSP.TEOR.FIZ.,61(1971)2357, Soviet Physics JETP, 34(1972)1263
8006	Cu(Ba,Sr)2(Yb,Ca)Cu2O6	Ba1.6Sr0.4Yb0.6Ca0.4Cu3O6.14	Cu1212	K	47.0	Physica.C,300(1998)17-25
8007	Cu(Ba,Sr)2(Yb,Ca)Cu2O6	Ba1.6Sr0.4Yb0.6Ca0.4Cu3O6.14	Cu1212	K	46.0	Physica.C,300(1998)17-25
7989	Cu(Ba,Sr)2(Yb,Ca)Cu2O6	Ba1.6Sr0.4Yb0.75Ca0.25Cu3O6.19	Cu1212	K	25.0	Physica.C,300(1998)17-25
7990	Cu(Ba,Sr)2(Yb,Ca)Cu2O6	Ba1.6Sr0.4Yb0.75Ca0.25Cu3O6.19	Cu1212	K	23.0	Physica.C,300(1998)17-25
152291	Ba(Fe,Co)2As2	Ba1Fe1.824Co0.176As2	ThCr2Si2	K	21.1	Phys.Rev.B, 82(2010)054507
152292	Ba(Fe,Co)2As2	Ba1Fe1.824Co0.176As2	ThCr2Si2	K	21.0	Phys.Rev.B, 82(2010)054507
158089	Ba(Fe1-xCox)2As2	Ba1Fe1.86Co0.14As2		K	22.5	Phys.Rev.B, 82(2010)060518
158090	Ba(Fe1-xCox)2As2	Ba1Fe1.86Co0.14As2		K	22.3	Phys.Rev.B, 82(2010)060518
158091	Ba(Fe1-xCox)2As2	Ba1Fe1.86Co0.14As2		K	22.0	Phys.Rev.B, 82(2010)060518
152289	Ba(Fe,Co)2As2	Ba1Fe1.874Co0.126As2	ThCr2Si2	K	23.5	Phys.Rev.B, 82(2010)054507
152288	Ba(Fe,Co)2As2	Ba1Fe1.874Co0.126As2	ThCr2Si2	K	23.4	Phys.Rev.B, 82(2010)054507
152284	Ba(Fe,Co)2As2	Ba1Fe1.906Co0.094As2	ThCr2Si2	K	18.5	Phys.Rev.B, 82(2010)054507
152285	Ba(Fe,Co)2As2	Ba1Fe1.906Co0.094As2	ThCr2Si2	K	18.3	Phys.Rev.B, 82(2010)054507
158092	BaFe1-xNix)2As2	Ba1Fe1.91Ni0.09As2		K	18.9	Phys.Rev.B, 82(2010)060518
158093	BaFe1-xNix)2As2	Ba1Fe1.91Ni0.09As2		K	18.27	Phys.Rev.B, 82(2010)060518
158094	BaFe1-xNix)2As2	Ba1Fe1.91Ni0.09As2		K	17.86	Phys.Rev.B, 82(2010)060518
152282	Ba(Fe,Co)2As2	Ba1Fe1.924Co0.076As2	ThCr2Si2	K	11.6	Phys.Rev.B, 82(2010)054507
152281	Ba(Fe,Co)2As2	Ba1Fe1.924Co0.076As2	ThCr2Si2	K	7.4	Phys.Rev.B, 82(2010)054507
157294	BaFe2(As,P)2	Ba1Fe2As1.34P0.66	ThCr2Si2	K	30.0	Nat.Cmmun., 5(2014)5657
157292	BaFe2(As,P)2	Ba1Fe2As1.34P0.66	ThCr2Si2	K	24.6	Nat.Cmmun., 5(2014)5657
157293	BaFe2(As,P)2	Ba1Fe2As1.34P0.66	ThCr2Si2	K	23.2	Nat.Cmmun., 5(2014)5657
157930	BaNb2S5	Ba1Nb2S5		K	1.09	Physica C, 549(2018)88
157931	BaNb2S5	Ba1Nb2S5		K	0.95	Physica C, 549(2018)88
